concept,pre_col,post_col,n,pre0_post0,pre0_post1,pre1_post0,pre1_post1,persistence_rate_given_wrong,correction_rate_given_wrong,drop_rate_given_right,retention_rate_given_right
Seasons & tilt (Q1 → P3i),Q1,P3i,150,18,58,20,54,0.23684210526315788,0.7631578947368421,0.2702702702702703,0.7297297297297297
Working of astronomers (Q4 → P3ii),Q4,P3ii,150,26,51,26,47,0.33766233766233766,0.6623376623376623,0.3561643835616438,0.6438356164383562
Asteroids (Q7 → P1),Q7,P1,150,16,92,7,35,0.14814814814814814,0.8518518518518519,0.16666666666666666,0.8333333333333334
