mean_pre,mean_post,mean_gain,normalized_gain_mean,cohen_d_paired,hedges_g,n
4.773333333333333,7.44,2.666666666666667,0.5102040816326531,1.227386285244768,1.2211558980100228,150
