item,difficulty_p,corr_item_total_corrected
P1,0.8866666666666667,0.15976196734067913
P2,1.34,0.33241685772252016
P3i,0.7466666666666667,0.3755019468642471
P3ii,0.6666666666666666,0.4254118428851851
P4,1.7466666666666666,0.25221536201917205
P5,2.0533333333333332,0.21064456437215331
