item,difficulty_p,corr_item_total_corrected
Q1,0.49333333333333335,0.13032069650498632
Q2,0.46,0.07531385002781038
Q3,0.38666666666666666,-0.11585246246218642
Q4,0.4866666666666667,-0.14135011918168208
Q5,0.38,-0.05662058959505337
Q6,0.35333333333333333,0.1302790084209353
Q7,0.28,0.09185958596140223
Q8,0.4533333333333333,0.16919472152573106
Q9,0.7066666666666667,0.037848953769020054
Q10,0.7733333333333333,0.1387226240675918
