test,cronbach_alpha,kr20
pre,0.12678908371301023,0.13335123056233103
post,0.510675246143112,
